,var_g_log,var_usd,mu_p_giorno,sigma_p_giorno
parametrico_varcov,0.01477874344319631,1467.0073806522632,0.00037867851714246516,0.009215058234957435
montecarlo_mv_gauss,0.014788093207695113,1467.9286366218514,0.00037867851714246516,0.009215058940324627
storico_g_portafoglio,0.013473249912884401,1338.2891941669307,,
