,asset_i,asset_j,rho,p_value
0,DHR US Equity,EW UN Equity,0.2135396282324217,1.5847316792161337e-09
1,DHR US Equity,HIG US EQUITY,0.2517163757168982,8.824052599720744e-13
2,DHR US Equity,NDAQ US EQUITY,0.3641952311081187,0.0
3,DHR US Equity,PANW US EQUITY,0.1973261037584517,2.582470903789158e-08
4,DHR US Equity,TDY US EQUITY,0.3649018143511028,0.0
5,DHR US Equity,VRTX US Equity,0.2249520220835915,1.9357626612759304e-10
6,EW UN Equity,HIG US EQUITY,0.15731700976321494,9.752024749065669e-06
7,EW UN Equity,NDAQ US EQUITY,0.12512390976380489,0.0004490488043542573
8,EW UN Equity,PANW US EQUITY,0.17152803731712674,1.379957303093704e-06
9,EW UN Equity,TDY US EQUITY,0.22464527165487305,2.051405711966936e-10
10,EW UN Equity,VRTX US Equity,0.09289194848409266,0.009300994920235395
11,HIG US EQUITY,NDAQ US EQUITY,0.37264954444355247,0.0
12,HIG US EQUITY,PANW US EQUITY,0.12231952150038988,0.0006031767395915377
13,HIG US EQUITY,TDY US EQUITY,0.38721174598873853,0.0
14,HIG US EQUITY,VRTX US Equity,0.1291850813122424,0.000289748813205426
15,NDAQ US EQUITY,PANW US EQUITY,0.2375646823738367,1.6554313475580784e-11
16,NDAQ US EQUITY,TDY US EQUITY,0.40933388618327,0.0
17,NDAQ US EQUITY,VRTX US Equity,0.1740160981322913,9.633184874235923e-07
18,PANW US EQUITY,TDY US EQUITY,0.24868837217276932,1.6782131240233866e-12
19,PANW US EQUITY,VRTX US Equity,0.17329528930090446,1.0695987910924742e-06
20,TDY US EQUITY,VRTX US Equity,0.1711378876782485,1.4592885997366523e-06
