,stat,p_value
"Bartlett (var. uguali, 3 sotto-periodi)",7.517055559406744,0.023318044415414716
"Levene (var. uguali, 3 sotto-periodi)",0.6748182942251976,0.5095463805702001
Engle ARCH-LM (lags=10),31.839039013953055,0.00042593020672687665
Ljung-Box su g_p^2 (lag=5),29.84410543011747,1.5828034559572934e-05
Ljung-Box su g_p^2 (lag=10),31.42788178656499,0.000498462166257374
Ljung-Box su g_p^2 (lag=20),36.93451341672147,0.011915391325396985
